project,target,configuration,hash,code,status,start,end
page-spy,test,,5043145863502475089,1,failure,1720753902031,1720753968066
page-spy,test,,5043145863502475089,0,success,1720753982113,1720754045535
page-spy,test,,5043145863502475089,0,local-cache-kept-existing,1720754055035,1720754055094
page-spy,test,,5043145863502475089,0,local-cache-kept-existing,1720754083651,1720754083717
page-spy,test,,5043145863502475089,0,local-cache-kept-existing,1720754096537,1720754096609
page-spy,test,,15195156397354100216,0,success,1720754790342,1720754855633
page-spy,test,,15195156397354100216,0,local-cache-kept-existing,1720754867020,1720754867093
page-spy,test,,15195156397354100216,0,local-cache-kept-existing,1720754876063,1720754876138
page-spy,test,,15195156397354100216,0,local-cache-kept-existing,1720754896374,1720754896456
page-spy,test,,15195156397354100216,0,local-cache-kept-existing,1720754910308,1720754910385
